INSERT INTO PLANT (PLANT_ID, PLANT_NAME, PLANT_CITY, PLANT_STATE)
VALUES
    (105, 'TSMC Phoenix Fab 31 Phase 2',     'Phoenix',     'AZ'),
    (106, 'Intel Ocotillo Campus Fab 62',    'Chandler',    'AZ'),
    (107, 'Texas Instruments Sherman Fab',   'Sherman',     'TX'),
    (108, 'Samsung Austin Fab S2',           'Austin',      'TX'),
    (109, 'Micron Boise Fab Expansion',      'Boise',       'ID'),
    (110, 'GlobalFoundries Dresden Fab',     'Dresden',     'OH'), 
    (111, 'TSMC Oregon Fab D1X',            'Hillsboro',   'OR'),
    (112, 'Intel Ronler Acres D1X',         'Hillsboro',   'OR'),
    (113, 'Samsung Taylor Fab 2',            'Taylor',      'TX'),
    (114, 'Wolfspeed Mohawk Valley Fab',     'Marcy',       'NY'),
    (115, 'Texas Instruments Lehi Fab',      'Lehi',        'UT'),
    (116, 'Micron Manassas Expansion',       'Manassas',    'VA'),
    (117, 'GlobalFoundries Fab 9 Vermont',   'Essex Jct',   'VT'),
    (118, 'TSMC Washington Fab 11',          'Camas',       'WA'),
    (119, 'Intel Arizona Fab 42 Restart',    'Chandler',    'AZ'),
    (120, 'Samsung Austin Fab S5',           'Austin',      'TX'),
    (121, 'NXP Chandler Fab Expansion',      'Chandler',    'AZ'),
    (122, 'Analog Devices Camas Fab',        'Camas',       'WA'),
    (123, 'ON Semiconductor Pocatello',      'Pocatello',   'ID'),
    (124, 'SkyWater Technology Bloomington', 'Bloomington', 'MN'),
    (125, 'TSMC Arizona Fab 51',             'Phoenix',     'AZ'),
    (126, 'Intel Ohio Valley Fab 1',         'New Albany',  'OH'),
    (127, 'Micron Clay Fab 2',               'Clay',        'NY'),
    (128, 'GlobalFoundries Malta Fab 9',     'Malta',       'NY'),
    (129, 'Samsung Taylor Fab 3',            'Taylor',      'TX'),
    (130, 'Texas Instruments Dallas Fab',    'Dallas',      'TX'),
    (131, 'Wolfspeed Siler City Fab',        'Siler City',  'NC'),
    (132, 'TSMC Idaho Potential Site',       'Boise',       'ID'),
    (133, 'Intel Massachusetts Expansion',   'Hudson',      'MA'),
    (134, 'Micron Hiroshima US Partner Fab', 'Clay',        'NY'),
    (135, 'GlobalFoundries Colorado Springs', 'Colorado Springs', 'CO'),
    (136, 'NXP Austin Oak Hill Fab',         'Austin',      'TX'),
    (137, 'Texas Instruments Sherman Fab 2', 'Sherman',     'TX'),
    (138, 'Samsung Taylor Fab 4',            'Taylor',      'TX'),
    (139, 'Intel Ohio Valley Fab 2',         'New Albany',  'OH'),
    (140, 'TSMC Arizona Fab 61',             'Phoenix',     'AZ'),
    (141, 'Micron Utah Future Fab',          'Lehi',        'UT'),
    (142, 'GlobalFoundries New York Fab 10', 'Malta',       'NY'),
    (143, 'Wolfspeed Durham Fab',            'Durham',      'NC'),
    (144, 'Texas Instruments Utah Fab',      'Lehi',        'UT'),
    (145, 'Analog Devices Oregon Fab',       'Beaverton',   'OR'),
    (146, 'SkyWater Purdue Fab',             'West Lafayette', 'IN'),
    (147, 'TSMC Arizona Fab 41',             'Phoenix',     'AZ'),
    (148, 'Intel Chandler Fab 72',           'Chandler',    'AZ'),
    (149, 'Samsung Austin Fab S6',           'Austin',      'TX'),
    (150, 'Micron Clay Megafab Phase 2',     'Clay',        'NY'),
    (151, 'GlobalFoundries Vermont Fab 2',   'Essex Jct',   'VT'),
    (152, 'Texas Instruments RFAB Expansion','Richardson',  'TX'),
    (153, 'NXP Chandler Fab 2',              'Chandler',    'AZ'),
    (154, 'ON Semiconductor Idaho Fab 2',    'Pocatello',   'ID');

INSERT INTO VENDOR (VENDOR_ID, VENDOR_NAME, VENDOR_CITY, VENDOR_STATE)
VALUES 
    (1006, 'TTI Inc',                        'Fort Worth',        'TX'),
    (1007, 'Newark element14',               'Chicago',           'IL'),
    (1008, 'Allied Electronics',             'Fort Worth',        'TX'),
    (1009, 'Master Electronics',             'Phoenix',           'AZ'),
    (1010, 'Sager Electronics',              'Middleborough',     'MA'),
    (1011, 'Heilind Electronics',            'Wilmington',        'MA'),
    (1012, 'Richardson Electronics',         'Geneva',            'IL'),
    (1013, 'Symmetry Electronics',           'San Jose',          'CA'),
    (1014, 'Peerless Electronics',           'Farmingdale',       'NY'),
    (1015, 'America II Electronics',         'St Petersburg',     'FL'),
    (1016, 'Rochester Electronics',          'Newburyport',       'MA'),
    (1017, 'Smith Technology', 'Dallas', 'TX'),
    (1018, 'WPG Americas',                   'San Jose',          'CA'),
    (1019, 'Sourceability',                  'St Louis',          'MO'),
    (1020, 'Velocity Electronics',           'Houston',           'TX'),
    (1021, 'Rand Technology',                'Irvine',            'CA'),
    (1022, 'NewPower Worldwide',             'Andover',           'MA'),
    (1023, 'Classic Components',             'Torrance',          'CA'),
    (1024, 'A2 Global Electronics',          'St Petersburg',     'FL'),
    (1025, 'Microchip USA',                  'Tampa',             'FL'),
    (1026, 'Arrow Electronics ECS',         'Centennial',        'CO'), 
    (1027, 'Avnet Silica',                   'Phoenix',           'AZ'),
    (1028, 'DigiKey Marketplace',            'Thief River Falls', 'MN'),
    (1029, 'Mouser Global',                  'Mansfield',         'TX'),
    (1030, 'Future Electronics USA',         'Bolingbrook',       'IL'),
    (1031, 'TTI Semiconductor',              'Fort Worth',        'TX'),
    (1032, 'Arrow RF & Power',               'Centennial',        'CO'),
    (1033, 'Avnet Abacus',                   'Phoenix',           'AZ'),
    (1034, 'Richardson RFPD',                'Geneva',            'IL'),
    (1035, 'Symmetry LED',                   'San Jose',          'CA'),
    (1036, 'Heilind Mil-Aero',               'Wilmington',        'MA'),
    (1037, 'Sager Power Systems',            'Middleborough',     'MA'),
    (1038, 'Peerless Audio',                 'Farmingdale',       'NY'),
    (1039, 'Rochester Obsolete',             'Newburyport',       'MA'),
    (1040, 'Smith Semiconductor',            'Dallas',            'TX'),
    (1041, 'WPG Haoyu',                      'San Jose',          'CA'),
    (1042, 'Sourceability DA',               'St Louis',          'MO'),
    (1043, 'Velocity Components',            'Houston',           'TX'),
    (1044, 'Rand Memory',                    'Irvine',            'CA'),
    (1045, 'NewPower Memory',                'Andover',           'MA'),
    (1046, 'Classic Memory',                 'Torrance',          'CA'),
    (1047, 'A2 Embedded',                    'St Petersburg',     'FL'),
    (1048, 'Microchip USA Excess',           'Tampa',             'FL'),
    (1049, 'Arrow Global Components',        'Centennial',        'CO'),
    (1050, 'Avnet Data Solutions',           'Phoenix',           'AZ'),
    (1051, 'DigiKey Design Chain',           'Thief River Falls', 'MN'),
    (1052, 'Mouser Design Services',         'Mansfield',         'TX'),
    (1053, 'TTI Sensor Solutions',           'Fort Worth',        'TX'),
    (1054, 'Allied Test & Measurement',      'Fort Worth',        'TX'),
    (1055, 'Newark Automation',              'Chicago',           'IL');

INSERT INTO [USER] (
    USER_ID, USER_FNAME, USER_LNAME, USER_EMAIL, USER_PASSWORD,
    USER_ROLE_MANAGER, PLANT_ID, USER_TOKEN
)
VALUES
    (215, 'Jessica',   'Martinez',   'j.martinez@tsmcaz.com',     'Martinez2026',  0, 140, NULL),
    (216, 'Matthew',   'Hernandez',  'm.hernandez@intelohio.com', 'Hernandez88',   0, 126, NULL),
    (217, 'Laura',     'Anderson',   'l.anderson@microngroup.com','Anderson!321',  1, 127, NULL),
    (218, 'Christopher','Moore',     'c.moore@samsungrf.com',     'MooreSecure77', 0, 120, NULL),
    (219, 'Nicole',    'Jackson',    'n.jackson@gfmalta.com',     'Jackson2026',   1, 128, NULL),
    (220, 'Andrew',    'White',      'a.white@ttielectronics.com','WhitePass!55',  0, 101, NULL),
    (221, 'Stephanie', 'Harris',     's.harris@avnetfab.com',     'Harris7890',    0, 104, NULL),
    (222, 'Joseph',    'Clark',      'j.clark@digikeyops.com',    'ClarkSecure22', 1, 109, NULL),
    (223, 'Ashley',    'Lewis',      'a.lewis@mouser semi.com',   'Lewis!2026',    0, 102, NULL),
    (224, 'Ryan',      'Walker',     'r.walker@arrowchip.com',    'WalkerPass44',  0, 135, NULL),
    (225, 'Megan',     'Allen',      'm.allen@futureelec.com',    'AllenSecure99', 1, 136, NULL),
    (226, 'Brandon',   'Young',      'b.young@richardsonrfpd.com','Young2026!!',   0, 117, NULL),
    (227, 'Samantha',  'King',       's.king@heilind.com',        'KingPass!111',  0, 132, NULL),
    (228, 'Justin',    'Wright',     'j.wright@newark.com',       'Wright4567',    0, 145, NULL),
    (229, 'Katherine', 'Lopez',      'k.lopez@sager.com',         'LopezSecure33', 1, 138, NULL),
    (230, 'Eric',      'Hill',       'e.hill@america2.com',       'HillPass2026',  0, 144, NULL),
    (231, 'Melissa',   'Scott',      'm.scott@rochesterlec.com',  'Scott!7890',    0, 141, NULL),
    (232, 'Steven',    'Green',      's.green@symmetryelec.com',  'GreenSecure55', 1, 134, NULL),
    (233, 'Heather',   'Adams',      'h.adams@peerless.com',      'Adams2026!!',   0, 110, NULL),
    (234, 'Jonathan',  'Baker',      'j.baker@velocityelec.com',  'BakerPass!22',  0, 139, NULL),
    (235, 'Christina', 'Gonzalez',   'c.gonzalez@randtech.com',   'Gonzalez88',    1, 133, NULL),
    (236, 'Patrick',   'Nelson',     'p.nelson@classiccomp.com',  'NelsonSecure',  0, 143, NULL),
    (237, 'Rebecca',   'Carter',     'r.carter@a2global.com',     'Carter!4567',   0, 147, NULL),
    (238, 'Gregory',   'Mitchell',   'g.mitchell@microchipusa.com','Mitchell99',   0, 151, NULL),
    (239, 'Lauren',    'Perez',      'l.perez@tsmcarizona.com',   'PerezPass2026', 1, 105, NULL),
    (240, 'Jeffrey',   'Roberts',    'j.roberts@intelchandler.com','Roberts!321',  0, 106, NULL),
    (241, 'Kelly',     'Turner',     'k.turner@microngroup.com',  'TurnerSecure77',0, 150, NULL),
    (242, 'Scott',     'Phillips',   's.phillips@samsungtaylor.com','Phillips44',   0, 113, NULL),
    (243, 'Diana',     'Campbell',   'd.campbell@wolfspeednc.com','Campbell2026',  1, 143, NULL),
    (244, 'Kyle',      'Parker',     'k.parker@gfvermont.com',    'Parker!888',    0, 117, NULL),
    (245, 'Julie',     'Evans',      'j.evans@nxpaustin.com',     'EvansPass!99',  0, 136, NULL),
    (246, 'Timothy',   'Edwards',    't.edwards@ti-sherman.com',  'EdwardsSecure', 1, 107, NULL),
    (247, 'Michelle',  'Collins',    'm.collins@analogoregon.com','Collins2026!!', 0, 145, NULL),
    (248, 'Jason',     'Stewart',    'j.stewart@skywaterin.com',  'Stewart!555',   0, 146, NULL),
    (249, 'Angela',    'Sanchez',    'a.sanchez@tsmcphx.com',     'SanchezPass22', 1, 100, NULL);

INSERT INTO [USER] (
    USER_ID, USER_FNAME, USER_LNAME, USER_EMAIL, USER_PASSWORD,
    USER_ROLE_MANAGER, PLANT_ID, USER_TOKEN
)
VALUES
    (212, 'Lob',   'Fry',   'lobcityfry@outlook.com',     'CHATGPT123!',  0, 140, NULL);

INSERT INTO [COMPONENT] (COMP_ID, COMP_NAME, COMP_QTY, COMP_SPECS, PLANT_ID) 
VALUES
    (305, 'Terminal Block 5.08mm 2-pin', 890, 'Screw type 300V 15A', 104),
    (306, 'Linear Bearing LM8UU', 950, '8mm shaft, standard', 123),
    (307, 'Fan 40x40x10mm 12V', 430, 'Brushless DC, 2-pin', 136),
    (308, 'Flexible Coupling 5x8mm', 480, 'Aluminum jaw type', 104),
    (309, 'Limit Switch Roller Lever', 210, 'SPDT, 5A 250VAC', 145),
    (310, 'Limit Switch Roller Lever', 210, 'SPDT, 5A 250VAC', 104),
    (311, 'Pneumatic Cylinder 50x100', 45, '50mm bore, 100mm stroke', 102),
    (312, 'Proximity Sensor Capacitive', 165, 'M30, 10-30V DC', 104),
    (313, 'Deep Groove Ball Bearing 608', 1200, '8x22x7mm, ZZ shielded', 114),
    (314, 'Servo Motor SG90', 180, '9g micro servo, 180°', 149),
    (315, 'Capacitor Electro 1000uF 25V', 610, '105°C low ESR', 118),
    (316, 'Membrane Keypad 4x4', 142, 'Matrix, adhesive backing', 105),
    (317, 'Ball Bearing 6204ZZ', 450, 'Shielded, 20x47x14mm', 104),
    (318, 'Pneumatic Cylinder 50x100', 45, '50mm bore, 100mm stroke', 114),
    (319, 'V-Belt A-38', 340, '1/2" x 38" classic', 106),
    (320, 'Photoelectric Sensor E3Z', 95, 'Through-beam, 10m range', 124),
    (321, 'Encoder Rotary 600PPR', 76, 'Incremental, 5-24V', 117),
    (322, 'Timing Belt GT2 6mm', 280, '2mm pitch, 6mm width', 104),
    (323, 'Crystal Oscillator 16MHz', 810, '+-20ppm, HC-49S', 140),
    (324, 'Inductive Proximity Sensor', 130, 'M18, NPN, 8mm range', 153),
    (325, 'Load Cell 5kg', 115, 'Strain gauge, HX711 compatible', 123),
    (326, 'Fan 40x40x10mm 12V', 430, 'Brushless DC, 2-pin', 110),
    (327, 'Chain Link #50', 920, 'Pitch 5/8", roller chain', 104),
    (328, 'Potentiometer 10k Linear', 460, '6mm shaft, knurled', 122),
    (329, 'Optocoupler PC817', 980, '4-pin DIP, 80V', 104),
    (330, 'Relay Module 5V 4-channel', 420, 'Optocoupler isolation', 142),
    (331, 'NEMA 17 Stepper Motor', 205, '1.8°, 0.4Nm torque', 104),
    (332, 'Linear Bearing LM8UU', 950, '8mm shaft, standard', 144),
    (333, 'Encoder Rotary 600PPR', 76, 'Incremental, 5-24V', 143),
    (334, 'NTC Thermistor 10k', 850, 'B=3950, epoxy coated', 104),
    (335, 'Step-Down Converter LM2596', 390, '3-40V to 1.5-35V 3A', 104),
    (336, 'Membrane Keypad 4x4', 142, 'Matrix, adhesive backing', 138),
    (337, 'Push Button Switch 22mm', 520, 'Momentary, green LED', 104),
    (338, 'Transistor 2N2222', 1340, 'NPN, TO-92', 110),
    (339, 'Power Supply 12V 5A', 52, 'Switching, barrel jack', 134),
    (340, 'Optocoupler PC817', 980, '4-pin DIP, 80V', 146),
    (341, 'NEMA 17 Stepper Motor', 205, '1.8°, 0.4Nm torque', 104),
    (342, 'Buzzer Piezo 5V', 540, 'Active, continuous tone', 110),
    (343, 'Ball Screw SFU1605 500mm', 38, '16mm diameter, 5mm pitch', 129),
    (344, 'Deep Groove Ball Bearing 608', 1200, '8x22x7mm, ZZ shielded', 124),
    (345, 'Potentiometer 10k Linear', 460, '6mm shaft, knurled', 104),
    (346, 'Limit Switch Roller Lever', 210, 'SPDT, 5A 250VAC', 140),
    (347, 'Pressure Gauge 0-100 psi', 88, '2.5" dial, glycerin filled', 144),
    (348, 'Coupler Jaw L090', 140, 'Aluminum, 25mm bore', 135),
    (349, 'NTC Thermistor 10k', 850, 'B=3950, epoxy coated', 104);

DELETE FROM [dbo].[COMPONENT]
WHERE COMP_ID = 305;

INSERT INTO PART (PART_ID, PART_NAME, PART_QTY, PART_SPECS, VENDOR_ID) 
VALUES
    (405, 'Angular Contact Bearing Set', 44, '7205B, matched pair, ABEC-5', 1028),
    (406, 'GT2 Timing Pulley', 115, '16 Teeth, 6mm width, aluminum', 1002),
    (407, 'Solenoid Valve Repair Kit', 144, '24V coil + diaphragm + O-rings', 1015),
    (408, 'M12 Sensor Cable', 243, '4-pin, 2m length, PUR jacket', 1039),
    (409, '#50 Roller Chain Sprocket', 58, '25 Teeth, 5/8" bore', 1013),
    (410, 'Angular Contact Bearing Set', 115, '7205B, matched pair, ABEC-5', 1029),
    (411, 'GT2 Timing Pulley', 100, '16 Teeth, 6mm width, aluminum', 1018),
    (412, 'Solenoid Valve Repair Kit', 134, '24V coil + diaphragm + O-rings', 1045),
    (413, 'M12 Sensor Cable', 139, '4-pin, 5m length, PUR jacket', 1022),
    (414, '#50 Roller Chain Sprocket', 41, '17 Teeth, 1/2" bore', 1014),
    (415, 'Angular Contact Bearing Set', 52, '7205B, matched pair, ABEC-5', 1025),
    (416, 'GT2 Timing Pulley', 214, '30 Teeth, 6mm width, aluminum', 1023),
    (417, 'Solenoid Valve Repair Kit', 85, '24V coil + diaphragm + O-rings', 1017),
    (418, 'M12 Sensor Cable', 237, '4-pin, 5m length, PUR jacket', 1047),
    (419, '#50 Roller Chain Sprocket', 100, '20 Teeth, 1/2" bore', 1008),
    (420, 'Angular Contact Bearing Set', 146, '7205B, matched pair, ABEC-5', 1019),
    (421, 'GT2 Timing Pulley', 152, '60 Teeth, 6mm width, aluminum', 1041),
    (422, 'Solenoid Valve Repair Kit', 104, '24V coil + diaphragm + O-rings', 1037),
    (423, 'M12 Sensor Cable', 111, '4-pin, 2m length, PUR jacket', 1046),
    (424, '#50 Roller Chain Sprocket', 40, '15 Teeth, 5/8" bore', 1043),
    (425, 'Angular Contact Bearing Set', 69, '7205B, matched pair, ABEC-5', 1055),
    (426, 'GT2 Timing Pulley', 131, '40 Teeth, 6mm width, aluminum', 1007),
    (427, 'Solenoid Valve Repair Kit', 161, '24V coil + diaphragm + O-rings', 1030),
    (428, 'M12 Sensor Cable', 141, '4-pin, 5m length, PUR jacket', 1054),
    (429, '#50 Roller Chain Sprocket', 115, '17 Teeth, 1/2" bore', 1024),
    (430, 'Angular Contact Bearing Set', 129, '7205B, matched pair, ABEC-5', 1018),
    (431, 'GT2 Timing Pulley', 215, '16 Teeth, 6mm width, aluminum', 1044),
    (432, 'Solenoid Valve Repair Kit', 101, '24V coil + diaphragm + O-rings', 1041),
    (433, 'M12 Sensor Cable', 162, '4-pin, 10m length, PUR jacket', 1035),
    (434, '#50 Roller Chain Sprocket', 64, '20 Teeth, 5/8" bore', 1011),
    (435, 'Angular Contact Bearing Set', 128, '7205B, matched pair, ABEC-5', 1041),
    (436, 'GT2 Timing Pulley', 143, '20 Teeth, 6mm width, aluminum', 1036),
    (437, 'Solenoid Valve Repair Kit', 178, '24V coil + diaphragm + O-rings', 1054),
    (438, 'M12 Sensor Cable', 158, '4-pin, 2m length, PUR jacket', 1050),
    (439, '#50 Roller Chain Sprocket', 81, '12 Teeth, 5/8" bore', 1053),
    (440, 'Angular Contact Bearing Set', 48, '7205B, matched pair, ABEC-5', 1018),
    (441, 'GT2 Timing Pulley', 140, '60 Teeth, 6mm width, aluminum', 1014),
    (442, 'Solenoid Valve Repair Kit', 163, '24V coil + diaphragm + O-rings', 1014),
    (443, 'M12 Sensor Cable', 264, '4-pin, 5m length, PUR jacket', 1032),
    (444, '#50 Roller Chain Sprocket', 47, '15 Teeth, 5/8" bore', 1030),
    (445, 'Angular Contact Bearing Set', 135, '7205B, matched pair, ABEC-5', 1016),
    (446, 'GT2 Timing Pulley', 127, '60 Teeth, 6mm width, aluminum', 1036),
    (447, 'Solenoid Valve Repair Kit', 154, '24V coil + diaphragm + O-rings', 1048),
    (448, 'M12 Sensor Cable', 202, '4-pin, 10m length, PUR jacket', 1028),
    (449, '#50 Roller Chain Sprocket', 95, '15 Teeth, 1/2" bore', 1024);

	DELETE FROM [dbo].[PART]
	WHERE PART_ID = 0;

INSERT INTO BUILD (COMP_ID, PART_ID) 
VALUES
    (325, 442),
    (323, 441),
    (319, 413),
    (311, 409),
    (304, 419),
    (345, 429),
    (326, 401),
    (309, 400),
    (329, 415),
    (316, 403),
    (331, 428),
    (321, 410),
    (312, 438),
    (303, 422),
    (339, 416),
    (338, 445),
    (310, 448),
    (324, 417),
    (335, 425),
    (300, 437),
    (343, 430),
    (318, 421),
    (333, 432),
    (348, 431),
    (341, 427),
    (330, 449),
    (328, 411),
    (320, 426),
    (322, 420),
    (342, 433),
    (346, 408),
    (336, 447),
    (332, 406),
    (344, 443),
    (313, 446),
    (349, 444),
    (347, 414),
    (307, 440),
    (327, 404),
    (337, 412),
    (305, 436),
    (334, 423),
    (306, 439),
    (308, 440),
    (314, 418),
    (315, 435),
    (317, 405),
    (301, 424),
    (307, 407),
    (340, 434);
